{
  "version": 1,
  "author": "Nekmo",
  "editor": "wokwi",
  "parts": [
    {
      "type": "wokwi-breadboard-half",
      "id": "bb1",
      "top": 35.4,
      "left": -16.4,
      "attrs": { "color": "#eeefed" }
    },
    {
      "type": "board-aitewinrobot-esp32c3-supermini",
      "id": "esp1",
      "top": 107.43,
      "left": 9.86,
      "rotate": 270,
      "attrs": {}
    },
    {
      "type": "wokwi-rgb-led",
      "id": "rgb1",
      "top": 42.4,
      "left": 116.3,
      "attrs": { "common": "cathode" }
    },
    {
      "type": "wokwi-resistor",
      "id": "r1",
      "top": 99.95,
      "left": 57.6,
      "attrs": { "value": "220" }
    },
    {
      "type": "wokwi-resistor",
      "id": "r2",
      "top": 90.35,
      "left": 67.2,
      "attrs": { "value": "220" }
    },
    {
      "type": "wokwi-resistor",
      "id": "r3",
      "top": 109.55,
      "left": 48,
      "attrs": { "value": "220" }
    },
    { "type": "wokwi-text", "id": "text1", "top": 9.6, "left": 115.2, "attrs": { "text": "R" } },
    { "type": "wokwi-text", "id": "text2", "top": 9.6, "left": 134.4, "attrs": { "text": "G" } },
    { "type": "wokwi-text", "id": "text3", "top": 9.6, "left": 144, "attrs": { "text": "B" } }
  ],
  "connections": [
    [ "bb1:2t.d", "bb1:tn.1", "black", [ "v0" ] ],
    [ "esp1:0", "bb1:8t.e", "", [ "$bb" ] ],
    [ "esp1:1", "bb1:7t.e", "", [ "$bb" ] ],
    [ "esp1:2", "bb1:6t.e", "", [ "$bb" ] ],
    [ "esp1:3", "bb1:5t.e", "", [ "$bb" ] ],
    [ "esp1:4", "bb1:4t.e", "", [ "$bb" ] ],
    [ "esp1:5", "bb1:1b.i", "", [ "$bb" ] ],
    [ "esp1:6", "bb1:2b.i", "", [ "$bb" ] ],
    [ "esp1:7", "bb1:3b.i", "", [ "$bb" ] ],
    [ "esp1:8", "bb1:4b.i", "", [ "$bb" ] ],
    [ "esp1:9", "bb1:5b.i", "", [ "$bb" ] ],
    [ "esp1:10", "bb1:6b.i", "", [ "$bb" ] ],
    [ "esp1:5V", "bb1:1t.e", "", [ "$bb" ] ],
    [ "esp1:GND", "bb1:2t.e", "", [ "$bb" ] ],
    [ "esp1:3V3", "bb1:3t.e", "", [ "$bb" ] ],
    [ "esp1:RX", "bb1:7b.i", "", [ "$bb" ] ],
    [ "esp1:TX", "bb1:8b.i", "", [ "$bb" ] ],
    [ "r3:1", "bb1:5t.d", "", [ "$bb" ] ],
    [ "r3:2", "bb1:11t.d", "", [ "$bb" ] ],
    [ "r1:1", "bb1:6t.c", "", [ "$bb" ] ],
    [ "r1:2", "bb1:12t.c", "", [ "$bb" ] ],
    [ "r2:1", "bb1:7t.b", "", [ "$bb" ] ],
    [ "r2:2", "bb1:13t.b", "", [ "$bb" ] ],
    [ "bb1:11t.e", "bb1:16t.e", "blue", [ "v0" ] ],
    [ "bb1:12t.d", "bb1:15t.d", "green", [ "v0" ] ],
    [ "bb1:tn.15", "bb1:14t.c", "black", [ "v0" ] ],
    [ "rgb1:R", "bb1:13t.a", "", [ "$bb" ] ],
    [ "rgb1:COM", "bb1:14t.b", "", [ "$bb" ] ],
    [ "rgb1:G", "bb1:15t.a", "", [ "$bb" ] ],
    [ "rgb1:B", "bb1:16t.a", "", [ "$bb" ] ]
  ],
  "dependencies": {}
}