{
  "version": 1,
  "author": "Nekmo",
  "editor": "wokwi",
  "parts": [
    { "type": "wokwi-breadboard-half", "id": "bb1", "top": 35.4, "left": -16.4, "attrs": {} },
    {
      "type": "wokwi-led",
      "id": "led1",
      "top": 82.8,
      "left": 109.4,
      "attrs": { "color": "red", "flip": "1" }
    },
    {
      "type": "wokwi-resistor",
      "id": "r1",
      "top": 81.05,
      "left": 65.8,
      "rotate": 180,
      "attrs": { "value": "330" }
    },
    {
      "type": "board-aitewinrobot-esp32c3-supermini",
      "id": "esp1",
      "top": 107.43,
      "left": 9.86,
      "rotate": 270,
      "attrs": {}
    },
    { "type": "wokwi-text", "id": "text1", "top": 124.8, "left": 115.2, "attrs": { "text": "+" } },
    { "type": "wokwi-text", "id": "text2", "top": 124.8, "left": 134.4, "attrs": { "text": "-" } }
  ],
  "connections": [
    [ "bb1:2t.c", "bb1:tn.1", "black", [ "v0" ] ],
    [ "bb1:tn.11", "bb1:14t.a", "black", [ "v0" ] ],
    [ "led1:A", "bb1:13t.e", "", [ "$bb" ] ],
    [ "led1:C", "bb1:14t.e", "", [ "$bb" ] ],
    [ "esp1:0", "bb1:8t.e", "", [ "$bb" ] ],
    [ "esp1:1", "bb1:7t.e", "", [ "$bb" ] ],
    [ "esp1:2", "bb1:6t.e", "", [ "$bb" ] ],
    [ "esp1:3", "bb1:5t.e", "", [ "$bb" ] ],
    [ "esp1:4", "bb1:4t.e", "", [ "$bb" ] ],
    [ "esp1:5", "bb1:1b.i", "", [ "$bb" ] ],
    [ "esp1:6", "bb1:2b.i", "", [ "$bb" ] ],
    [ "esp1:7", "bb1:3b.i", "", [ "$bb" ] ],
    [ "esp1:8", "bb1:4b.i", "", [ "$bb" ] ],
    [ "esp1:9", "bb1:5b.i", "", [ "$bb" ] ],
    [ "esp1:10", "bb1:6b.i", "", [ "$bb" ] ],
    [ "esp1:5V", "bb1:1t.e", "", [ "$bb" ] ],
    [ "esp1:GND", "bb1:2t.e", "", [ "$bb" ] ],
    [ "esp1:3V3", "bb1:3t.e", "", [ "$bb" ] ],
    [ "esp1:RX", "bb1:7b.i", "", [ "$bb" ] ],
    [ "esp1:TX", "bb1:8b.i", "", [ "$bb" ] ],
    [ "r1:1", "bb1:13t.a", "", [ "$bb" ] ],
    [ "r1:2", "bb1:7t.a", "", [ "$bb" ] ]
  ],
  "dependencies": {}
}