{
  "version": 1,
  "author": "Nekmo",
  "editor": "wokwi",
  "parts": [
    { "type": "wokwi-breadboard-half", "id": "bb1", "top": 35.4, "left": -16.4, "attrs": {} },
    {
      "type": "board-aitewinrobot-esp32c3-supermini",
      "id": "esp1",
      "top": 107.43,
      "left": 9.86,
      "rotate": 270,
      "attrs": {}
    },
    {
      "type": "wokwi-pushbutton",
      "id": "btn1",
      "top": 124.7,
      "left": 89.9,
      "rotate": 90,
      "attrs": { "color": "red", "xray": "1" }
    }
  ],
  "connections": [
    [ "bb1:2t.c", "bb1:tn.1", "black", [ "v0" ] ],
    [ "esp1:0", "bb1:8t.e", "", [ "$bb" ] ],
    [ "esp1:1", "bb1:7t.e", "", [ "$bb" ] ],
    [ "esp1:2", "bb1:6t.e", "", [ "$bb" ] ],
    [ "esp1:3", "bb1:5t.e", "", [ "$bb" ] ],
    [ "esp1:4", "bb1:4t.e", "", [ "$bb" ] ],
    [ "esp1:5", "bb1:1b.i", "", [ "$bb" ] ],
    [ "esp1:6", "bb1:2b.i", "", [ "$bb" ] ],
    [ "esp1:7", "bb1:3b.i", "", [ "$bb" ] ],
    [ "esp1:8", "bb1:4b.i", "", [ "$bb" ] ],
    [ "esp1:9", "bb1:5b.i", "", [ "$bb" ] ],
    [ "esp1:10", "bb1:6b.i", "", [ "$bb" ] ],
    [ "esp1:5V", "bb1:1t.e", "", [ "$bb" ] ],
    [ "esp1:GND", "bb1:2t.e", "", [ "$bb" ] ],
    [ "esp1:3V3", "bb1:3t.e", "", [ "$bb" ] ],
    [ "esp1:RX", "bb1:7b.i", "", [ "$bb" ] ],
    [ "esp1:TX", "bb1:8b.i", "", [ "$bb" ] ],
    [ "btn1:1.l", "bb1:14t.d", "", [ "$bb" ] ],
    [ "btn1:2.l", "bb1:12t.d", "", [ "$bb" ] ],
    [ "btn1:1.r", "bb1:14b.i", "", [ "$bb" ] ],
    [ "btn1:2.r", "bb1:12b.i", "", [ "$bb" ] ],
    [ "bb1:7t.c", "bb1:12t.c", "gold", [ "v0" ] ],
    [ "bb1:14t.c", "bb1:tn.11", "black", [ "v0" ] ]
  ],
  "dependencies": {}
}