{
  "version": 1,
  "author": "Nekmo",
  "editor": "wokwi",
  "parts": [
    { "type": "wokwi-breadboard-half", "id": "bb1", "top": 35.4, "left": -16.4, "attrs": {} },
    {
      "type": "board-aitewinrobot-esp32c3-supermini",
      "id": "esp1",
      "top": 107.43,
      "left": 9.86,
      "rotate": 270,
      "attrs": {}
    },
    {
      "type": "chip-sht40",
      "id": "chip1",
      "top": 148.5,
      "left": 68.08,
      "rotate": 90,
      "attrs": {}
    },
    {
      "type": "board-ssd1306",
      "id": "oled1",
      "top": 118.34,
      "left": 163.43,
      "attrs": { "i2cAddress": "0x3c" }
    }
  ],
  "connections": [
    [ "esp1:0", "bb1:8t.e", "", [ "$bb" ] ],
    [ "esp1:1", "bb1:7t.e", "", [ "$bb" ] ],
    [ "esp1:2", "bb1:6t.e", "", [ "$bb" ] ],
    [ "esp1:3", "bb1:5t.e", "", [ "$bb" ] ],
    [ "esp1:4", "bb1:4t.e", "", [ "$bb" ] ],
    [ "esp1:5", "bb1:1b.i", "", [ "$bb" ] ],
    [ "esp1:6", "bb1:2b.i", "", [ "$bb" ] ],
    [ "esp1:7", "bb1:3b.i", "", [ "$bb" ] ],
    [ "esp1:8", "bb1:4b.i", "", [ "$bb" ] ],
    [ "esp1:9", "bb1:5b.i", "", [ "$bb" ] ],
    [ "esp1:10", "bb1:6b.i", "", [ "$bb" ] ],
    [ "esp1:5V", "bb1:1t.e", "", [ "$bb" ] ],
    [ "esp1:GND", "bb1:2t.e", "", [ "$bb" ] ],
    [ "esp1:3V3", "bb1:3t.e", "", [ "$bb" ] ],
    [ "esp1:RX", "bb1:7b.i", "", [ "$bb" ] ],
    [ "esp1:TX", "bb1:8b.i", "", [ "$bb" ] ],
    [ "chip1:SCL", "bb1:15t.e", "", [ "$bb" ] ],
    [ "chip1:SDA", "bb1:14t.e", "", [ "$bb" ] ],
    [ "chip1:GND", "bb1:13t.e", "", [ "$bb" ] ],
    [ "chip1:VCC", "bb1:12t.e", "", [ "$bb" ] ],
    [ "oled1:GND", "bb1:21t.e", "", [ "$bb" ] ],
    [ "oled1:VCC", "bb1:22t.e", "", [ "$bb" ] ],
    [ "oled1:SCL", "bb1:23t.e", "", [ "$bb" ] ],
    [ "oled1:SDA", "bb1:24t.e", "", [ "$bb" ] ],
    [ "bb1:2t.c", "bb1:tn.1", "black", [ "v0" ] ],
    [ "bb1:1t.c", "bb1:tp.1", "red", [ "v0" ] ],
    [ "bb1:7t.c", "bb1:15t.c", "gold", [ "v0" ] ],
    [ "bb1:6t.d", "bb1:14t.d", "green", [ "v0" ] ],
    [ "bb1:15t.b", "bb1:23t.b", "gold", [ "v0" ] ],
    [ "bb1:14t.a", "bb1:24t.a", "green", [ "v0" ] ],
    [ "bb1:11t.a", "bb1:tp.9", "red", [ "v0" ] ],
    [ "bb1:12t.a", "bb1:tn.10", "black", [ "v0" ] ],
    [ "bb1:21t.c", "bb1:tn.17", "black", [ "v0" ] ],
    [ "bb1:22t.c", "bb1:tp.18", "red", [ "v0" ] ]
  ],
  "dependencies": {}
}