{
  "version": 1,
  "author": "Nekmo",
  "editor": "wokwi",
  "parts": [
    { "type": "wokwi-breadboard-half", "id": "bb1", "top": 35.4, "left": -16.4, "attrs": {} },
    {
      "type": "board-aitewinrobot-esp32c3-supermini",
      "id": "esp1",
      "top": 107.43,
      "left": 9.86,
      "rotate": 270,
      "attrs": {}
    },
    {
      "type": "chip-sht40",
      "id": "chip1",
      "top": -62.7,
      "left": 20.08,
      "rotate": 90,
      "attrs": {}
    },
    {
      "type": "board-ssd1306",
      "id": "oled1",
      "top": -83.26,
      "left": 163.43,
      "attrs": { "i2cAddress": "0x3c" }
    },
    {
      "type": "wokwi-text",
      "id": "text1",
      "top": -220.8,
      "left": 9.6,
      "attrs": {
        "text": "Mueve los componentes a la protoboard.\nUsa los GPIO 1 y 2, para SCL y SDA \nrespectivamente. Verifica bien los pines \ndel SHT40, son distintos del SSD1306."
      }
    },
    {
      "type": "wokwi-text",
      "id": "text2",
      "top": -57.6,
      "left": -67.2,
      "attrs": { "text": "SHT4X\nDirección: 0x44" }
    },
    {
      "type": "wokwi-text",
      "id": "text3",
      "top": -76.8,
      "left": 278.4,
      "attrs": { "text": "SSD1306\nResolución: 128x64 pixels\nDirección: 0x3c" }
    }
  ],
  "connections": [
    [ "bb1:2t.c", "bb1:tn.1", "black", [ "v0" ] ],
    [ "bb1:1t.c", "bb1:tp.1", "red", [ "v0" ] ],
    [ "esp1:0", "bb1:8t.e", "", [ "$bb" ] ],
    [ "esp1:1", "bb1:7t.e", "", [ "$bb" ] ],
    [ "esp1:2", "bb1:6t.e", "", [ "$bb" ] ],
    [ "esp1:3", "bb1:5t.e", "", [ "$bb" ] ],
    [ "esp1:4", "bb1:4t.e", "", [ "$bb" ] ],
    [ "esp1:5", "bb1:1b.i", "", [ "$bb" ] ],
    [ "esp1:6", "bb1:2b.i", "", [ "$bb" ] ],
    [ "esp1:7", "bb1:3b.i", "", [ "$bb" ] ],
    [ "esp1:8", "bb1:4b.i", "", [ "$bb" ] ],
    [ "esp1:9", "bb1:5b.i", "", [ "$bb" ] ],
    [ "esp1:10", "bb1:6b.i", "", [ "$bb" ] ],
    [ "esp1:5V", "bb1:1t.e", "", [ "$bb" ] ],
    [ "esp1:GND", "bb1:2t.e", "", [ "$bb" ] ],
    [ "esp1:3V3", "bb1:3t.e", "", [ "$bb" ] ],
    [ "esp1:RX", "bb1:7b.i", "", [ "$bb" ] ],
    [ "esp1:TX", "bb1:8b.i", "", [ "$bb" ] ]
  ],
  "dependencies": {}
}