{
  "version": 1,
  "author": "Nekmo",
  "editor": "wokwi",
  "parts": [
    {
      "type": "board-aitewinrobot-esp32c3-supermini",
      "id": "esp1",
      "top": 49.83,
      "left": 9.86,
      "rotate": 270,
      "attrs": {}
    },
    {
      "type": "wokwi-neopixel",
      "id": "rgb2",
      "top": 22.9,
      "left": 143.2,
      "rotate": 180,
      "attrs": {}
    },
    {
      "type": "wokwi-neopixel",
      "id": "rgb3",
      "top": 13.3,
      "left": 181.6,
      "rotate": 180,
      "attrs": {}
    },
    {
      "type": "wokwi-neopixel",
      "id": "rgb4",
      "top": 3.7,
      "left": 220,
      "rotate": 180,
      "attrs": {}
    },
    {
      "type": "wokwi-resistor",
      "id": "r4",
      "top": 33.05,
      "left": 65.8,
      "rotate": 180,
      "attrs": { "value": "330" }
    },
    {
      "type": "wokwi-text",
      "id": "text1",
      "top": 48,
      "left": 182.4,
      "attrs": { "text": "VSS = Ground\nVDD = Voltage (5V)\nDIN = Data IN\nDOUT = Data OUT" }
    },
    {
      "type": "wokwi-text",
      "id": "text2",
      "top": -105.6,
      "left": -38.4,
      "attrs": {
        "text": "No necesitas mover los componentes. Comprueba\ncada pin del componente y revisa la leyenda. El pin\nde datos necesita la resistencia"
      }
    }
  ],
  "connections": [],
  "dependencies": {}
}