{
  "version": 1,
  "author": "Nekmo",
  "editor": "wokwi",
  "parts": [
    {
      "type": "board-aitewinrobot-esp32c3-supermini",
      "id": "esp1",
      "top": 49.83,
      "left": 9.86,
      "rotate": 270,
      "attrs": {}
    },
    {
      "type": "wokwi-neopixel",
      "id": "rgb2",
      "top": 22.9,
      "left": 143.2,
      "rotate": 180,
      "attrs": {}
    },
    {
      "type": "wokwi-neopixel",
      "id": "rgb3",
      "top": 13.3,
      "left": 181.6,
      "rotate": 180,
      "attrs": {}
    },
    {
      "type": "wokwi-neopixel",
      "id": "rgb4",
      "top": 3.7,
      "left": 220,
      "rotate": 180,
      "attrs": {}
    },
    {
      "type": "wokwi-resistor",
      "id": "r4",
      "top": 33.05,
      "left": 65.8,
      "rotate": 180,
      "attrs": { "value": "330" }
    },
    {
      "type": "wokwi-text",
      "id": "text1",
      "top": 48,
      "left": 182.4,
      "attrs": { "text": "VSS = Ground\nVDD = Voltage (5V)\nDIN = Data IN\nDOUT = Data OUT" }
    }
  ],
  "connections": [
    [ "r4:2", "esp1:1", "gold", [ "v0" ] ],
    [ "r4:1", "rgb2:DIN", "gold", [ "v0" ] ],
    [ "esp1:GND", "rgb2:VSS", "black", [ "v0" ] ],
    [ "esp1:5V", "rgb2:VDD", "red", [ "v-19.2", "h-28.8", "v96", "h163.2" ] ],
    [ "rgb2:DOUT", "rgb3:DIN", "gold", [ "h0" ] ],
    [ "rgb3:DOUT", "rgb4:DIN", "gold", [ "h0" ] ],
    [ "rgb2:VSS", "rgb3:VSS", "black", [ "v-8.7", "h38.4" ] ],
    [ "rgb3:VSS", "rgb4:VSS", "black", [ "v0" ] ],
    [ "rgb2:VDD", "rgb3:VDD", "red", [ "h0" ] ],
    [ "rgb3:VDD", "rgb4:VDD", "red", [ "h0" ] ]
  ],
  "dependencies": {}
}